Event,date,Location,death_toll,Disease
"1200 BC Babylon influenza epidemic","1200 BC","Babylon, or Babirus of the Persians, Central Asia, Mesopotamia and Southern Asia","Unknown","Sanskrit scholars found records of a disease resembling the Flu"
"Plague of Athens","429–426 BC","Greece, Libya, Egypt, Ethiopia","75,000–100,000","Unknown, possibly typhus, typhoid fever or viral hemorrhagic fever"
"412 BC epidemic","412 BC","Greece (Northern Greece, Roman Republic)","Unknown","Unknown, possibly influenza"
"Antonine Plague","165–180 (possibly up to 190)","Roman Empire","5–10 million","Unknown, possibly smallpox"
"Plague of Cyprian","250–266","Europe","1 million+","Unknown, possibly smallpox"
"Plague of Justinian (beginning of First plague pandemic)","541–542","Europe and West Asia","30–50 million (40–50% of population of Europe)","Bubonic plague"
"Roman Plague of 590 (part of First plague pandemic)","590","Rome, Byzantine Empire","Unknown","Bubonic plague"
"Plague of Sheroe (part of First plague pandemic)","627–628","Bilad al-Sham","25,000+","Bubonic plague"
"Plague of Amwas (part of First plague pandemic)","638–639","Byzantine Empire, West Asia, Africa","Unknown","Bubonic plague"
"Plague of 664 (part of First plague pandemic)","664–689","British Isles","Unknown","Bubonic plague"
"Plague of 698–701 (part of First plague pandemic)","698–701","Byzantine Empire, West Asia, Syria, Mesopotamia","Unknown","Bubonic plague"
"735–737 Japanese smallpox epidemic","735–737","Japan","2 million (approx. ​1⁄3 of Japanese population)","Smallpox"
"Plague of 746–747 (part of First plague pandemic)","746–747","Byzantine Empire, West Asia, Africa","Unknown","Bubonic plague"
"Black Death (start of the Second plague pandemic)","1346–1353","Europe, Asia and North Africa","75–200 million (10–60% of European population)","Bubonic plague\nYersinia pestis bacterium"
"Sweating sickness (multiple outbreaks)","1485–1551","Britain (England) and later continental Europe","10,000+","Unknown, possibly an unknown species of hantavirus"
"1489 Spain typhus epidemic","1489","Spain","17,000","Typhus"
"1510 influenza pandemic","1510","Asia, North Africa, Europe","Unknown, around 1% of those infected","Influenza"
"1520 Mexico smallpox epidemic","1519–1520","Mexico","5–8 million (40% of population)","Smallpox"
"Cocoliztli Epidemic of 1545–1548","1545–1548","Mexico","5–15 million (80% of population)","Possibly Salmonella enterica"
"1557 influenza pandemic","1557–59","Asia, Africa, Europe, and Americas","Unknown","Influenza"
"1561 Chile smallpox epidemic","1561–1562","Chile","Unknown (20-25% of native population)","Smallpox"
"1563 London plague","1563–1564","London, England","20,100+","Bubonic plague"
"Cocoliztli epidemic of 1576","1576–1580","Mexico","2–2.5 million (50% of population)","Possibly Salmonella enterica"
"1582 Tenerife plague epidemic","1582–1583","Tenerife, Spain","5,000–9,000","Bubonic plague"
"1592–1596 Seneca nation measles epidemic","1592–1596","Seneca nation, North America","Unknown","Measles"
"1592–93 Malta plague epidemic","1592–1593","Malta","3,000","Bubonic plague"
"1592–93 London plague","1592–1593","London, England","19,900+","Bubonic plague"
"1596–1602 Spain plague epidemic","1596–1602","Spain","600,000–700,000","Bubonic plague"
"1600–1650 South America malaria epidemic","1600–1650","South America","Unknown","Malaria"
"1603 London plague epidemic","1603","London, England","40,000","Bubonic plague"
"1609 Egyptian plague epidemic","1609","Egypt","1 million","Bubonic plague"
"1616 New England infections epidemic","1616–1620","Southern New England, United States, especially the Wampanoag people","Unknown (estimated 30–90% of population)","Unknown, possibly leptospirosis with Weil syndrome. Classic explanations include yellow fever, bubonic plague, influenza, smallpox, chickenpox, typhus, and syndemic infection of hepatitis B and hepatitis D"
"1629–1631 Italian plague","1629–1631","Italy","1 million","Bubonic plague"
"1632–1635 Augsburg plague epidemic","1632–1635","Augsburg, Germany","13,712","Bubonic plague"
"Massachusetts smallpox epidemic","1633–1634","Massachusetts Bay Colony, Thirteen Colonies","1,000","Smallpox"
"1634–1640 Wyandot people epidemic of infections","1634–1640","Wyandot people, North America","15,000–25,000","Smallpox and Influenza"
"1637 London plague epidemic","1636–1637","London and Westminster, England","10,400","Bubonic plague"
"1641–1644 China plague epidemic","1641–1644","China","Unknown","Bubonic plague"
"Great Plague of Seville","1647–1652","Spain","500,000","Bubonic plague"
"1648 Central America yellow fever epidemic","1648","Central America","Unknown","Yellow fever"
"Naples Plague","1656","Italy","240,000–1,250,000","Bubonic plague"
"1663–1664 Amsterdam plague epidemic","1663–1664","Amsterdam, Netherlands","24,148","Bubonic plague"
"Great Plague of London","1665–1666","England","100,000","Bubonic plague"
"1668 France plague","1668","France","40,000","Bubonic plague"
"1675–76 Malta plague epidemic","1675–1676","Malta","11,300","Bubonic plague"
"1676–1685 Spain plague","1676–1685","Spain","Unknown","Bubonic plague"
"1677–1678 Boston smallpox epidemic","1677–1678","Massachusetts Bay Colony, United States","750–1000","Smallpox"
"Great Plague of Vienna","1679","Vienna, Austria","76,000","Bubonic plague"
"1681 Prague plague epidemic","1681","Prague, Czech Kingdom","83,000","Bubonic plague"
"1687 South Africa Influenza outbreak","1687","South Africa","Unknown","Unknown, possibly Influenza"
"1693 Boston yellow fever epidemic","1693","Boston, United States","3,100+","Yellow fever"
"1699 Charleston and Philadelphia yellow fever epidemic","1699","Charleston and Philadelphia, United States","520 (300 in Charleston, 220 in Philadelphia)","Yellow fever"
"1702 New York City yellow fever epidemic","1702","New York City, United States","500","Yellow fever"
"1702–1703 St. Lawrence Valley smallpox epidemic","1702–1703","New France, Canada","1,300","Smallpox"
"1707–1709 Iceland smallpox epidemic","1707–1709","Iceland","18,000+ (36% of population)","Smallpox"
"Great Northern War plague outbreak","1710–1712","Denmark, Sweden, Lithuania","164,000","Bubonic plague"
"1713–1715 North America measles epidemic","1713–1715","Thirteen Colonies and New France, Canada","Unknown","Measles"
"Great Plague of Marseille","1720–1722","France","100,000+","Bubonic plague"
"1721 Boston smallpox outbreak","1721–1722","Massachusetts Bay Colony","844","Smallpox"
"1730 Cádiz yellow fever epidemic","1730","Cádiz, Spain","2,200","Yellow fever"
"1732–1733 Thirteen Colonies influenza epidemic","1732–1733","Thirteen Colonies","Unknown","Influenza"
"1733 New France smallpox epidemic","1733","New France, Canada","Unknown","Smallpox"
"1735–1741 Diphtheria epidemic","1735–1741","New England, New York, New Jersey, United States","20,000","Diphtheria"
"Great Plague of 1738","1738","Balkans","50,000","Bubonic plague"
"1738–1739 North Carolina smallpox epidemic","1738–1739","Province of Carolina, Thirteen Colonies","7,700–11,700","Smallpox"
"1739–1740 Thirteen Colonies measles epidemic","1739–1740","Thirteen Colonies","Unknown","Measles"
"1741 Cartagena yellow fever epidemic","1741","Cartagena, Colombia","20,000","Yellow fever"
"1743 Sicily plague epidemic","1743","Messina, Sicily, Italy","40,000–50,000","Bubonic plague"
"1747 Thirteen Colonies measles outbreak","1747","Thirteen Colonies","Unknown","Measles"
"1759 North America measles outbreak","1759","North America","Unknown","Measles"
"1760 Charleston smallpox epidemic","1760","Charleston, United States","730–940","Smallpox"
"1761 North America and West Indies influenza epidemic","1761","North America, West Indies","Unknown","Influenza"
"1762 Havana yellow fever epidemic","1762","Havana, Cuba","8,000","Yellow fever"
"1763 Pittsburgh area smallpox outbreak","1763","North America, present-day Pittsburgh area","Unknown","Smallpox"
"Russian plague of 1770–1772","1770–1772","Russia","50,000","Bubonic plague"
"1772 North America measles epidemic","1772","North America","Unknown","Measles"
"1772–1773 Persian Plague","1772–1773","Persia","2 million+","Bubonic plague"
"1775–1776 England influenza outbreak","1775–1776","England","Unknown","Influenza"
"1775–1782 North American smallpox epidemic","1775–1782","Pacific Northwest, United States","11,000+","Smallpox"
"1778 Spain dengue fever outbreak","1778","Spain","Unknown","Dengue fever"
"1788 Pueblo Indians smallpox epidemic","1788","Pueblo Indians, Southwestern United States","Unknown","Smallpox"
"1788 United States measles epidemic","1788","United States","Unknown","Measles"
"1789–1790 New South Wales smallpox epidemic","1789–1790","New South Wales, Australia","Unknown (50–70% of native population)","Smallpox"
"1793 United States influenza and typhus epidemic","1793","United States","Unknown","Influenza and epidemic typhus"
"1793 Philadelphia yellow fever epidemic","1793","Philadelphia, United States","5,000+","Yellow fever"
"1800–1803 Spain yellow fever epidemic","1800–1803","Spain","60,000+","Yellow fever"
"1801 Ottoman Empire and Egypt bubonic plague epidemic","1801","Ottoman Empire, Egypt","Unknown","Bubonic plague"
"1802–1803 Saint-Domingue yellow fever epidemic","1802–1803","Saint-Domingue","29,000–55,000","Yellow fever"
"1812 Egypt bubonic plague epidemic","1812","Egypt","Unknown","Bubonic plague"
"1812 Russia Typhus epidemic","1812","Russia","300,000","Typhus"
"1812–19 Ottoman plague epidemic","1812–1819","Ottoman Empire","300,000+","Bubonic plague"
"1813–14 Malta plague epidemic","1813–1814","Malta","4,500","Bubonic plague"
"Caragea's plague","1813","Romania","60,000","Bubonic plague"
"1817–1819 Ireland typhus epidemic","1817–1819","Ireland","65,000","Typhus"
"First cholera pandemic","1817–1824","Asia, Europe","100,000+","Cholera"
"1820 Savannah yellow fever epidemic","1820","Savannah, Georgia, United States","700","Yellow fever"
"1821 Barcelona yellow fever epidemic","1821","Barcelona, Spain","5,000–20,000","Yellow fever"
"Second cholera pandemic","1826–1837","Asia, Europe, North America","100,000+","Cholera"
"1828–1829 New South Wales smallpox epidemic","1828–1829","New South Wales, Australia","19,000","Smallpox"
"Groningen epidemic","1829","Netherlands","2,800","Malaria"
"1829–1833 Pacific Northwest malaria epidemic","1829–1833","Pacific Northwest, United States","150,000","Malaria, possibly other diseases too"
"1829–1835 Iran plague outbreak","1829–1835","Iran","Unknown","Bubonic plague"
"1831–1834 Plains Indians smallpox epidemic","1831–1834","Plains Indians","Unknown","Smallpox"
"1834–1836 Egypt plague epidemic","1834–1836","Egypt","Unknown","Bubonic plague"
"1837 Great Plains smallpox epidemic","1837–1838","Great Plains, United States and Canada","17,000+","Smallpox"
"1840 South Africa smallpox epidemic","1840","South Africa","Unknown","Smallpox"
"1841 Southern United States yellow fever epidemic","1841","Southern United States (especially Louisiana and Florida)","3,498","Yellow fever"
"1847 North American typhus epidemic","1847–1848","Canada","20,000+","Typhus"
"1847 Southern United States yellow fever epidemic","1847","Southern United States (especially New Orleans)","3,400","Yellow fever"
"1847–1848 influenza epidemic","1847–1848","Worldwide","Unknown","Influenza"
"1848–1849 Hawaii epidemic of infections","1848–1849","Hawaiian Kingdom","10,000","Measles, whooping cough, dysentery and influenza"
"1850–1851 North America influenza epidemic","1850–1851","North America","Unknown","Influenza"
"1853 New Orleans yellow fever epidemic","1853","New Orleans, United States","7,970","Yellow fever"
"Third cholera pandemic","1846–1860","Russia","1 million+","Cholera"
"1853 Ottoman Empire plague epidemic","1853","Ottoman Empire","Unknown","Bubonic plague"
"1853 Copenhagen cholera outbreak","1853","Copenhagen, Denmark","4,737","Cholera"
"1854 Broad Street cholera outbreak","1854","London, England","616","Cholera"
"1855 Norfolk yellow fever epidemic","1855","Norfolk and Portsmouth, England","3,000 (2,000 in Norfolk, 1,000 in Portsmouth)","Yellow fever"
"Third plague pandemic","1855–1960","Worldwide","12 million+ (India and China)","Bubonic plague"
"1857 Lisbon yellow fever epidemic","1857","Lisbon, Portugal","6,000","Yellow fever"
"1857 Victoria smallpox epidemic","1857","Victoria, Australia","Unknown","Smallpox"
"1857–1859 Europe and the Americas influenza epidemic","1857–1859","Europe, North America, South America","Unknown","Influenza"
"1862–1863 British Columbia Smallpox epidemic","1862–1863","British Columbia, Canada","32,000","Smallpox"
"1861–1865 United States typhoid fever epidemic","1861–1865","United States","80,000","Typhoid fever"
"Fourth cholera pandemic","1863–1875","Middle East","600,000","Cholera"
"1867 Sydney measles epidemic","1867","Sydney, Australia","748","Measles"
"1871 Buenos Aires yellow fever epidemic","1871","Buenos Aires, Argentina","13,500–26,200","Yellow fever"
"1870–1875 Europe smallpox epidemic","1870–1875","Europe","500,000","Smallpox"
"1875 Fiji measles outbreak","1875","Fiji","40,000","Measles"
"1875–1876 Australia scarlet fever epidemic","1875–1876","Australia","8,000","Scarlet fever"
"1876 Ottoman Empire plague epidemic","1876","Ottoman Empire","20,000","Bubonic plague"
"1878 New Orleans yellow fever epidemic","1878","New Orleans, United States","4,046","Yellow fever"
"1878 Mississippi Valley yellow fever epidemic","1878","Mississippi Valley, United States","13,000","Yellow fever"
"Fifth cholera pandemic","1881–1896","Asia, Africa, Europe, South America","298,600","Cholera"
"1885 Montreal smallpox epidemic","1885","Montreal, Canada","3,164","Smallpox"
"1889–1890 flu pandemic","1889–1890","Worldwide","1 million","Influenza or HCoV-OC43[143][144] (disputed)"
"Bombay plague epidemic","1896–1905","Bombay, India","20,788","Bubonic plague"
"1896–1906 Congo Basin African trypanosomiasis epidemic","1896–1906","Congo Basin","500,000","African trypanosomiasis"
"1899 Porto plague outbreak","1899","Porto, Portugal","132","Bubonic plague"
"Sixth cholera pandemic","1899–1923","Europe, Asia, Africa","800,000+","Cholera"
"San Francisco plague of 1900–1904","1900–1904","San Francisco, United States","119","Bubonic plague"
"1900 Sydney bubonic plague epidemic","1900","Australia","103","Bubonic plague"
"1900–1920 Uganda African trypanosomiasis epidemic","1900–1920","Uganda","200,000–300,000","African trypanosomiasis"
"Papua New Guinea kuru epidemic","1901–2009","Papua New Guinea","2,700–3,000+","Kuru"
"1903 India plague epidemic","1903","India","22","Bubonic plague"
"1903 Fremantle plague epidemic","1903","Fremantle","4","Bubonic plague"
"Manchurian plague","1910–1911","China","60,000","Pneumonic plague"
"1910 China plague","1910–1912","China","40,000","Bubonic plague"
"1915 Encephalitis lethargica pandemic","1915–1926","Worldwide","1.5 million","Encephalitis lethargica"
"1916 United States polio epidemic","1916","United States","7,130","Poliomyelitis"
"1918 influenza pandemic ('Spanish flu')","1918–1920","Worldwide","50 million+ (17–100 million) — (3–5% world's population)","Influenza A virus subtype H1N1\nH1N1 virus"
"1918–1922 Russia typhus epidemic","1918–1922","Russia","2.5 million","Typhus"
"1924 Los Angeles pneumonic plague outbreak","1924","Los Angeles, United States","30","Pneumonic plague"
"1924–1925 Minnesota smallpox epidemic","1924–1925","Minnesota, United States","500","Smallpox"
"1927 Montreal typhoid fever epidemic","1927","Montreal, Canada","538","Typhoid fever"
"1929–1930 Psittacosis Pandemic","1929–1930","Worldwide","100+","Psittacosis"
"Croydon typhoid outbreak of 1937","1937","Croydon, United Kingdom","43","Typhoid fever"
"1937 Australia polio epidemic","1937","Australia","Unknown","Poliomyelitis"
"1940 Sudan yellow fever epidemic","1940","Sudan","1,627","Yellow fever"
"1942–1944 Egypt malaria epidemic","1942–1944","Egypt","Unknown","Malaria"
"1946 China plague epidemic","1946","China","Unknown","Bubonic plague"
"1946 Egypt relapsing fever epidemic","1946","Egypt","Unknown","Relapsing fever"
"1947 Egypt cholera epidemic","1947","Egypt","10,277","Cholera"
"1948–1952 United States polio epidemic","1948–1952","United States","9,000","Poliomyelitis"
"1957–1958 influenza pandemic ('Asian flu')","1957–1958","Worldwide","1–4 million","Influenza A virus subtype H2N2"
"1960–1962 Ethiopia yellow fever epidemic","1960–1962","Ethiopia","30,000","Yellow fever"
"Seventh cholera pandemic","1961–1975","Worldwide","Unknown","Cholera (El Tor strain)"
"Hong Kong flu","1968–1970","Worldwide (mainly in Hong Kong)","1–4 million","Influenza A virus subtype H3N2\nH3N2 virus"
"1971 Staphorst polio epidemic","1971","Staphorst, Netherlands","5","Poliomyelitis"
"1972 Yugoslav smallpox outbreak","1972","Yugoslavia","35","Smallpox"
"London flu","1972–1973","United States","1,027","Influenza A virus subtype H3N2"
"1973 Italy Cholera El Tor epidemic","1973","Italy","24","Cholera (El Tor strain)"
"1974 smallpox epidemic of India","1974","India","15,000","Smallpox"
"Soviet flu","1977–78","Worldwide","10,000–30,000","Influenza A virus subtype H1N1"
"Sverdlovsk anthrax leak","1979","Russia","105","Anthrax"
"HIV/AIDS pandemic","1981–present (data as of 2018)","Worldwide","32 million+ (23.6–43.8 million)","HIV/AIDS\nHuman immunodeficiency virus"
"1984 Western Sahara plague","1984","Western Sahara","64","Bubonic plague"
"1986 Oju yellow fever epidemic","1986","Oju, Nigeria","5,600+","Yellow fever"
"1987 Mali yellow fever epidemic","1987","Mali","145","Yellow fever"
"1991 Bangladesh cholera epidemic","1991","Bangladesh","8,410–9,432","Cholera"
"1991 Latin America cholera epidemic","1991–1993","Peru, Chile, Bolivia, Ecuador, Colombia, Mexico, El Salvador, Guatemala","8,000","Cholera"
"1994 plague in India","1994","India","56","Bubonic plague and Pneumonic plague"
"United Kingdom BSE outbreak","1996–2001","United Kingdom","178","vCJD"
"1996 West Africa meningitus epidemic","1996","West Africa","10,000","Meningitis"
"1998–99 Malaysia Nipah virus outbreak","1998–1999","Malaysia","105","Nipah virus infection"
"2000 Central America dengue epidemic","2000","Central America","40+","Dengue fever"
"2001 Nigeria cholera epidemic","2001","Nigeria","400+","Cholera"
"2001 South Africa cholera epidemic","2001","South Africa","139","Cholera"
"2002–04 SARS outbreak","2002–2004","Worldwide","774","Severe acute respiratory syndrome (SARS)"
"2003 Algeria plague outbreak","2003","Algeria","1 (18 cases)","Bubonic plague"
"Avian influenza outbreaks in the 2000s","2003–2019[citation needed]","Southeast Asia and Egypt","455","Influenza A virus subtype H5N1"
"2004 Afghanistan leishmaniasis epidemic","2004","Afghanistan","0 (3,958 cases)","Leishmaniasis"
"2004 Indonesia dengue epidemic","2004","Indonesia","658","Dengue fever"
"2004 Senegal cholera outbreak","2004","Senegal","2","Cholera"
"2004 Sudan ebola outbreak","2004","Sudan","7","Ebola"
"2005 dengue outbreak in Singapore","2005","Singapore","27","Dengue fever"
"2006 Luanda cholera epidemic","2006","Luanda, Angola","1,200+","Cholera"
"2006 Ituri Province plague epidemic","2006","Ituri Province, Democratic Republic of the Congo","61","Bubonic plague"
"2006 India malaria outbreak","2006","India","17","Malaria"
"2006 dengue outbreak in India","2006","India","50+","Dengue fever"
"2006 dengue outbreak in Pakistan","2006","Pakistan","50+","Dengue fever"
"2006 Philippines dengue epidemic","2006","Philippines","1,000","Dengue fever"
"2006–07 East Africa Rift Valley fever outbreak","2006–2007","East Africa","394","Rift Valley fever"
"Mweka ebola epidemic","2007","Democratic Republic of the Congo","187","Ebola"
"2007 Ethiopia cholera epidemic","2007","Ethiopia","684","Cholera"
"2007 Iraq cholera outbreak","2007","Iraq","10","Cholera"
"2007 Nigeria polio outbreak","2007","Nigeria","Unknown (69 cases)","Poliomyelitis"
"2007 Puerto Rico, Dominican Republic, and Mexico dengue fever epidemic","2007","Puerto Rico, Dominican Republic, Mexico","183","Dengue fever"
"2007 Uganda ebola outbreak","2007","Uganda","37","Ebola"
"2007 Vietnam cholera outbreak","2007","Vietnam","2","Cholera"
"2007 Netherlands Q-fever epidemic","2007–2010","Netherlands","74","Q-fever"
"2008 Brazil dengue epidemic","2008","Brazil","67","Dengue fever"
"2008 Cambodia dengue epidemic","2008","Cambodia","407","Dengue fever"
"2008 Chad cholera epidemic","2008","Chad","123","Cholera"
"2008–2017 China hand, foot, and mouth disease epidemic","2008–2017","China","3,322+","Hand, foot, and mouth disease"
"2008 India cholera epidemic","2008","India","115","Cholera"
"2008 Madagascar plague outbreak","2008","Madagascar","18+","Bubonic plague"
"2008 Philippines dengue epidemic","2008","Philippines","172","Dengue fever"
"2008–09 Zimbabwean cholera outbreak","2008–2009","Zimbabwe","4,293","Cholera"
"2009 Bolivian dengue fever epidemic","2009","Bolivia","18","Dengue fever"
"2009 Gujarat hepatitis outbreak","2009","India","49","Hepatitis B"
"Queensland 2009 dengue outbreak","2009","Queensland, Australia","1+ (503 cases)","Dengue fever"
"Mumps outbreaks in the 2000s","2009","Worldwide","Unknown","Mumps"
"2009–10 West African meningitis outbreak","2009–2010","West Africa","1,100","Meningitis"
"2009 swine flu pandemic","2009–2010","Worldwide","Lab confirmed deaths: 18,449 (reported to the WHO)\n\nEstimated death toll: 284,000 (possible range 151,700-575,400)","Influenza A virus subtype H1N1"
"2010s Haiti cholera outbreak","2010–2019","Haiti","10,075","Cholera (strain serogroup O1, serotype Ogawa)"
"2010–2014 Democratic Republic of the Congo measles outbreak","2010–2014","Democratic Republic of the Congo","4,500+","Measles"
"2011 Vietnam hand, foot and mouth disease epidemic","2011","Vietnam","170","Hand, foot and mouth disease"
"2011 dengue outbreak in Pakistan","2011","Pakistan","350+","Dengue fever"
"2012 yellow fever outbreak in Darfur, Sudan","2012","Darfur, Sudan","171","Yellow fever"
"2012 Middle East respiratory syndrome coronavirus outbreak","2012–present","Worldwide","935 (as of 4 July 2020)","Middle East respiratory syndrome / MERS-CoV"
"2013 dengue outbreak in Singapore","2013","Singapore","8","Dengue fever"
"2013 Vietnam Measles outbreak","2013–2014","Vietnam","142","Measles"
"Western African Ebola virus epidemic","2013–2016","Worldwide, primarily concentrated in Guinea, Liberia, Sierra Leone","11,323+","Ebola\nEbola virus virion"
"2013–14 chikungunya outbreak","2013–2015","Americas","183","Chikungunya"
"2013–19 Avian influenza epidemic","2013–2019","China","616","Influenza A virus subtype H7N9"
"2014 Madagascar plague outbreak","2014–2017","Madagascar","292","Bubonic plague"
"2014 Odisha jaundice outbreak","2014–2015","India","36","Primarily Hepatitis E, but also Hepatitis A"
"2015 Indian swine flu outbreak","2015","India","2,035","Influenza A virus subtype H1N1"
"2015–16 Zika virus epidemic","2015–2016","Worldwide","53","Zika virus"
"2016 Angola and DR Congo yellow fever outbreak","2016","Angola and DR Congo","498 (377 in Angola, 121 in Congo)","Yellow fever"
"2016–20 Yemen cholera outbreak","2016–present","Yemen","3,886 (as of 30 November 2019)","Cholera"
"2017 dengue outbreak in Peshawar","2017","Peshawar, Pakistan","69","Dengue fever"
"2017 Gorakhpur Japanese encephalitis outbreak","2017","India","1,317","Japanese encephalitis"
"2017–18 United States flu season","2017–2018","United States","61,000 (46,000–95,000)[263]","Seasonal influenza"
"2018 Nipah virus outbreak in Kerala","2018","India","17","Nipah virus infection"
"Kivu Ebola epidemic","2018–2020","Democratic Republic of the Congo and Uganda","2,280","Ebola"
"2019 measles outbreak in the Democratic Republic of the Congo","2019–2020","Democratic Republic of the Congo","7,018+","Measles"
"2019–2020 New Zealand measles outbreak","2019–present","New Zealand","2","Measles"
"2019 Philippines measles outbreak","2019–present","Philippines","415","Measles"
"2019 Kuala Koh measles outbreak","2019","Kuala Koh, Malaysia","15","Measles"
"2019 Samoa measles outbreak","2019–present","Samoa","83","Measles"
"2019–20 dengue fever epidemic","2019–present","Asia-Pacific, Latin America","3,930","Dengue fever"
"COVID-19 pandemic","2019–present","Worldwide","1.2 million+ (as of November 2020)","COVID-19\nSARS-CoV-2 virus"
"2019 Nigeria Lassa Fever epidemic","2019–present","Nigeria","222 (as of 23 August 2020)","Lassa fever"
"2020 Democratic Republic of the Congo Ebola outbreak","2020–present","Democratic Republic of the Congo","53 (as of 2 September 2020)","Ebola"
"2020 novel bunyavirus outbreak","2020–present","China","7 (as of 5th of August 2020)","Severe fever with thrombocytopenia syndrome"
"","Wikimedia Commons has media related to Epidemics.","","",""
"show\nvte\nNatural disasters · list by death toll","Lists by death tollby cost","","",""
"WikiProject","show\nvte\nNatural disasters · list by death toll\n\nAnthropogenics\t\nAccidents\t\nTransport\t\nRailMaritimeShipwreckAirSpaceflight\n\nIndustrial\t\nStructural failures and collapsesBridgeDamNuclear by death tollCivilian radiationCivilian nuclearMilitary nuclearOil spillsLevee breachMast and towerInfrastructure\n\nHealth\t\nFamine ListFamine scalesEpidemic listPandemic\n\nMan-made\t\nWars and anthropogenic disastersBattles and other violent eventsMilitaryWarsTerrorist incidentsRiotsMassacresNightclub fires","","",""
"List of epidemicsBold page = current pandemics","Mass wasting\nLandslide\nAvalanche\nMudflow\nDebris flow\nLahar\nEarthquake (List)\nSeismic hazard\nSeismic risk\nSoil liquefaction\nVolcano eruption\nPyroclastic flow\nVolcanic ash\nNatural erosion\nSinkhole","","",""
"Timeline of medicine and medical technology","Landslide\nAvalanche\nMudflow\nDebris flow\nLahar","","",""
"Category","Seismic hazard\nSeismic risk\nSoil liquefaction","","",""
"Category\n Commons\n WikiProject","Pyroclastic flow\nVolcanic ash","","",""
"","Sinkhole","","",""
"","Flood (List)\nCoastal flood\nFlash flood\nStorm surge\nOther\nTsunami\nMegatsunami\nLimnic eruption","","",""
"","Coastal flood\nFlash flood\nStorm surge","","",""
"","Tsunami\nMegatsunami\nLimnic eruption","","",""
"","Temperature\nCold wave\nIce storm\nHail\nHeat wave\nDrought\nMegadrought\nCyclonic storms\nHurricane\nThunderstorm\nTornado\nTropical cyclone\nTyphoon\nOther\nWildfire\nFirestorm","","",""
"","Cold wave\nIce storm\nHail\nHeat wave","","",""
"","Megadrought","","",""
"","Hurricane\nThunderstorm\nTornado\nTropical cyclone\nTyphoon","","",""
"","Wildfire\nFirestorm","","",""
"","Potentially hazardous object\nImpact event\nMeteor shower\nGeomagnetic storm\nSolar flare","","",""
"","Accidents\t\nTransport\t\nRailMaritimeShipwreckAirSpaceflight\n\nIndustrial\t\nStructural failures and collapsesBridgeDamNuclear by death tollCivilian radiationCivilian nuclearMilitary nuclearOil spillsLevee breachMast and towerInfrastructure\n\nHealth\t\nFamine ListFamine scalesEpidemic listPandemic\n\nMan-made\t\nWars and anthropogenic disastersBattles and other violent eventsMilitaryWarsTerrorist incidentsRiotsMassacresNightclub fires","","",""
"","Transport\t\nRailMaritimeShipwreckAirSpaceflight\n\nIndustrial\t\nStructural failures and collapsesBridgeDamNuclear by death tollCivilian radiationCivilian nuclearMilitary nuclearOil spillsLevee breachMast and towerInfrastructure\n\nHealth\t\nFamine ListFamine scalesEpidemic listPandemic","","",""
"","RailMaritimeShipwreckAirSpaceflight","","",""
"","Structural failures and collapsesBridgeDamNuclear by death tollCivilian radiationCivilian nuclearMilitary nuclearOil spillsLevee breachMast and towerInfrastructure","","",""
"","Famine ListFamine scalesEpidemic listPandemic","","",""
"","Wars and anthropogenic disastersBattles and other violent eventsMilitaryWarsTerrorist incidentsRiotsMassacresNightclub fires","","",""
"","Humanitarian aidEmergency population warningEmergency Alert SystemEarthquake preparednessEarthquake warning systemEvacuationsEmergency managementHurricane preparednessHurricane responseCrisis managementDisaster risk reduction","","",""
"","Disaster film (List of disaster films)","","",""
"","International Association of Emergency ManagersInternational Disaster and Risk ConferenceDisaster Accountability ProjectInternational Disaster Emergency Service","","",""
"","Ancient\nHittite plague (c. 1320–1300 BC)\nPlague of Athens (429–426 BC)\nAntonine Plague (165–180 AD)\nPlague of Cyprian (250–266)\nPost-classical\nFirst plague pandemic (541–767)\nPlague of Justinian (541–542)\nRoman Plague (590)\nPlague of Sheroe (627–628)\nPlague of Amwas (638–639)\nPlague of 664 (664–689)\nJapanese smallpox (735–737)\nBlack Death (1347–1351)\nSweating sickness (1485–1551)\nEarly modern16th century\nInfluenza pandemic (1510)\nMexican smallpox (1520)\nInfluenza pandemic (1557–1559)\nLondon plague (1563–1564)\nMaltese plague (1592–1593)\nLondon plague (1592–1593)\n\n17th century\nMaltese plague (1623)\nItalian plague (1629–1631)\nMassachusetts smallpox (1633)\nGreat Plague of Seville (1647–1652)\nMaltese plague (1655)\nNaples Plague (1656)\nGreat Plague of London (1665–1666)\nMaltese plague (1675–1676)\nGreat Plague of Vienna (1679)\n\n18th century\nGreat Northern War plague (1710–1712)\nGreat Plague of Marseille (1720–1722)\nGreat Plague of 1738 (1738)\nRussian plague (1770–1772)\nPersian Plague (1772)\nNorth American smallpox (1780–1782)\nYellow fever (1793–1798)\nModern19th century\nOttoman plague (1812–1819)\nMaltese plague (1813–1814)\nCaragea's plague (1813)\nGroningen epidemic (1829)\nGreat Plains smallpox (1837–1838)\nTyphus (1847–1848)\nCopenhagen cholera (1853)\nStockholm cholera (1853)\nBroad Street cholera (1854)\n\n20th century\nManchurian plague (1910–1911)\nLA pneumonic plague (1924)\nCroydon typhoid (1937)\nYugoslav smallpox (1972)\nLondon flu (1972–1973)\nIndian smallpox (1974)\nSurat plague (1994)\nMalaysian Nipah virus (1998–1999)\n\n21st century\nSingaporean dengue (2005)\nIndian dengue (2006)\nChikungunya outbreaks (2006)\nPakistani dengue (2006)\nIraqi cholera (2007)\nZimbabwean cholera (2008–2009)\nBolivian dengue (2009)\nGujarat hepatitis (2009)\nW. African meningitis (2009–2010)\nHaiti cholera (2010–2019)\nPakistani dengue (2011)\nDarfur yellow fever (2012)\nSwansea measles (2013)\nWestern African Ebola (2013–2016)\nDR Congo Ebola (2014)\nMadagascar plague (2014)\nOdisha jaundice (2014)\nPolio declaration (2014)\nIndian swine flu (2015)\nSouth Korean MERS (2015)\nAngolan yellow fever (2016)\nYemeni cholera (2016–present)\nGorakhpur Japanese encephalitis (2017)\nSaudi Arabian MERS (2018)\nKerala Nipah virus (2018)\nÉquateur province Ebola (2018)\nKivu Ebola (2018–2020)\nMadagascar measles (2018)\nSamoa measles (2019-present)\nPhilippine measles (2019-present)\nPacific NW measles (2019)\nNew York measles (2019)\nKuala Koh measles (2019)\nTonga measles (2019)\nDRC measles (2019–2020)\nNew Zealand measles (2019–present)","","",""
"","Hittite plague (c. 1320–1300 BC)\nPlague of Athens (429–426 BC)\nAntonine Plague (165–180 AD)\nPlague of Cyprian (250–266)","","",""
"","First plague pandemic (541–767)\nPlague of Justinian (541–542)\nRoman Plague (590)\nPlague of Sheroe (627–628)\nPlague of Amwas (638–639)\nPlague of 664 (664–689)\nJapanese smallpox (735–737)\nBlack Death (1347–1351)\nSweating sickness (1485–1551)","","",""
"","16th century\nInfluenza pandemic (1510)\nMexican smallpox (1520)\nInfluenza pandemic (1557–1559)\nLondon plague (1563–1564)\nMaltese plague (1592–1593)\nLondon plague (1592–1593)\n\n17th century\nMaltese plague (1623)\nItalian plague (1629–1631)\nMassachusetts smallpox (1633)\nGreat Plague of Seville (1647–1652)\nMaltese plague (1655)\nNaples Plague (1656)\nGreat Plague of London (1665–1666)\nMaltese plague (1675–1676)\nGreat Plague of Vienna (1679)\n\n18th century\nGreat Northern War plague (1710–1712)\nGreat Plague of Marseille (1720–1722)\nGreat Plague of 1738 (1738)\nRussian plague (1770–1772)\nPersian Plague (1772)\nNorth American smallpox (1780–1782)\nYellow fever (1793–1798)","","",""
"","Influenza pandemic (1510)\nMexican smallpox (1520)\nInfluenza pandemic (1557–1559)\nLondon plague (1563–1564)\nMaltese plague (1592–1593)\nLondon plague (1592–1593)","","",""
"","Maltese plague (1623)\nItalian plague (1629–1631)\nMassachusetts smallpox (1633)\nGreat Plague of Seville (1647–1652)\nMaltese plague (1655)\nNaples Plague (1656)\nGreat Plague of London (1665–1666)\nMaltese plague (1675–1676)\nGreat Plague of Vienna (1679)","","",""
"","Great Northern War plague (1710–1712)\nGreat Plague of Marseille (1720–1722)\nGreat Plague of 1738 (1738)\nRussian plague (1770–1772)\nPersian Plague (1772)\nNorth American smallpox (1780–1782)\nYellow fever (1793–1798)","","",""
"","19th century\nOttoman plague (1812–1819)\nMaltese plague (1813–1814)\nCaragea's plague (1813)\nGroningen epidemic (1829)\nGreat Plains smallpox (1837–1838)\nTyphus (1847–1848)\nCopenhagen cholera (1853)\nStockholm cholera (1853)\nBroad Street cholera (1854)\n\n20th century\nManchurian plague (1910–1911)\nLA pneumonic plague (1924)\nCroydon typhoid (1937)\nYugoslav smallpox (1972)\nLondon flu (1972–1973)\nIndian smallpox (1974)\nSurat plague (1994)\nMalaysian Nipah virus (1998–1999)\n\n21st century\nSingaporean dengue (2005)\nIndian dengue (2006)\nChikungunya outbreaks (2006)\nPakistani dengue (2006)\nIraqi cholera (2007)\nZimbabwean cholera (2008–2009)\nBolivian dengue (2009)\nGujarat hepatitis (2009)\nW. African meningitis (2009–2010)\nHaiti cholera (2010–2019)\nPakistani dengue (2011)\nDarfur yellow fever (2012)\nSwansea measles (2013)\nWestern African Ebola (2013–2016)\nDR Congo Ebola (2014)\nMadagascar plague (2014)\nOdisha jaundice (2014)\nPolio declaration (2014)\nIndian swine flu (2015)\nSouth Korean MERS (2015)\nAngolan yellow fever (2016)\nYemeni cholera (2016–present)\nGorakhpur Japanese encephalitis (2017)\nSaudi Arabian MERS (2018)\nKerala Nipah virus (2018)\nÉquateur province Ebola (2018)\nKivu Ebola (2018–2020)\nMadagascar measles (2018)\nSamoa measles (2019-present)\nPhilippine measles (2019-present)\nPacific NW measles (2019)\nNew York measles (2019)\nKuala Koh measles (2019)\nTonga measles (2019)\nDRC measles (2019–2020)\nNew Zealand measles (2019–present)","","",""
"","Ottoman plague (1812–1819)\nMaltese plague (1813–1814)\nCaragea's plague (1813)\nGroningen epidemic (1829)\nGreat Plains smallpox (1837–1838)\nTyphus (1847–1848)\nCopenhagen cholera (1853)\nStockholm cholera (1853)\nBroad Street cholera (1854)","","",""
"","Manchurian plague (1910–1911)\nLA pneumonic plague (1924)\nCroydon typhoid (1937)\nYugoslav smallpox (1972)\nLondon flu (1972–1973)\nIndian smallpox (1974)\nSurat plague (1994)\nMalaysian Nipah virus (1998–1999)","","",""
"","Singaporean dengue (2005)\nIndian dengue (2006)\nChikungunya outbreaks (2006)\nPakistani dengue (2006)\nIraqi cholera (2007)\nZimbabwean cholera (2008–2009)\nBolivian dengue (2009)\nGujarat hepatitis (2009)\nW. African meningitis (2009–2010)\nHaiti cholera (2010–2019)\nPakistani dengue (2011)\nDarfur yellow fever (2012)\nSwansea measles (2013)\nWestern African Ebola (2013–2016)\nDR Congo Ebola (2014)\nMadagascar plague (2014)\nOdisha jaundice (2014)\nPolio declaration (2014)\nIndian swine flu (2015)\nSouth Korean MERS (2015)\nAngolan yellow fever (2016)\nYemeni cholera (2016–present)\nGorakhpur Japanese encephalitis (2017)\nSaudi Arabian MERS (2018)\nKerala Nipah virus (2018)\nÉquateur province Ebola (2018)\nKivu Ebola (2018–2020)\nMadagascar measles (2018)\nSamoa measles (2019-present)\nPhilippine measles (2019-present)\nPacific NW measles (2019)\nNew York measles (2019)\nKuala Koh measles (2019)\nTonga measles (2019)\nDRC measles (2019–2020)\nNew Zealand measles (2019–present)","","",""
"","Influenza pandemic (1510)\nInfluenza pandemic (1557–1559)\nSecond plague pandemic (1348–19th century)\nFirst cholera pandemic (1816–1826)\nSecond cholera pandemic (1829–1851)\nThird cholera pandemic (1852–1860)\nThird plague pandemic (1855–1960)\nFourth cholera pandemic (1863–1879)\nFifth cholera pandemic (1881–1896)\n1889 flu (1889–1890)\nSixth cholera pandemic (1899–1923)\nSpanish flu (1918–1920)\nAsian flu (1957–1958)\nSeventh cholera pandemic (1961–1975)\nHong Kong flu (1968–1970)\nHIV/AIDS (1981–present)\nSARS (2002–2004)\nBird flu (2003–2005)\nMumps (2009)\nMadagascar plague (2008–2017)\nSwine flu (2009–2010)\nMERS (2012–present)\nChikungunya (2013–2014)\nZika (2015–2016)\nCOVID-19 (2019–present)","","",""
"","Anatomy\nBiochemistry\nBiology\nBiotechnology\nChemistry\nEmbryology\nGenetics\nImmunology\nTimeline\nMedical diagnosis\nMicrobiology\nMolecular biology\nNeuroscience\nNutrition\nPathology\nPharmacology\nPhysiology\nVirology\nViruses","","",""
"","Alternative medicine\nAnesthesia\nGeneral\nNeuraxial\nCancer\nCardiology (invasive and interventional)\nDental treatments\nDermatology\nEmergency medicine\nCPR\nEndocrinology\nNeurology\nPsychiatry\nTimeline\nPsychiatric institutions\nPsychosurgery\nSurgery\nTrauma and orthopaedics","","",""
"","Prehistory\nBabylon\nByzantinia\nAncient Egypt\nEgyptian medical papyri\nAncient Greece\nAncient Iran\nAncient Rome\nMedieval Islam\nMedieval Western Europe","","",""
"","Antibiotics\nTimeline\nBlood transfusion\nHumorism\nNeuroimaging\nRadiation therapy\nTracheal intubation\nVaccines\nTimeline\nWound care","","",""
"","Black Death\nList of epidemics\nMalaria\nPandemics\nPlague\nPoliomyelitis\nSmallpox\nSyphilis\nTuberculosis","","",""
"","Auxology\nBiological hazard\nChief Medical Officer\nCultural competence\nDeviance\nEnvironmental health\nEuthenics\nGenomics\nGlobalization and disease\nHealth economics\nHealth literacy\nHealth policy\nHealth system\nHealth care reform\nPublic health law\nHealth politics\nMaternal health\nMedical anthropology\nMedical sociology\nMental health (Ministers)\nPharmaceutical policy\nPublic health intervention\nPublic health laboratory\nReproductive health\nSocial psychology\nSociology of health and illness","","",""
"","Behavior change\nTheories\nFamily planning\nHealth promotion\nHuman nutrition\nPreventive nutrition\nHygiene\nFood safety\nHand washing\nInfection control\nOral hygiene\nOccupational safety and health\nHuman factors and ergonomics\nHygiene\nInjury prevention\nMedicine\nNursing\nPatient safety\nOrganization\nPharmacovigilance\nSafe sex\nSanitation\nEmergency\nFecal–oral transmission\nOpen defecation\nSanitary sewer\nWaterborne diseases\nSmoking cessation\nVaccination\nVector control","","",""
"","Biostatistics\nChild mortality\nCommunity health\nEpidemiology\nGlobal health\nHealth impact assessment\nHealth system\nInfant mortality\nOpen-source healthcare software\nPublic health informatics\nSocial determinants of health\nHealth equity\nRace and health\nSocial medicine","","",""
"","Case–control study\nRandomized controlled trial\nRelative risk\nStatistical hypothesis testing\nAnalysis of variance (ANOVA)\nRegression analysis\nROC curve\nStudent's t-test\nZ-test\nStatistical software","","",""
"","Asymptomatic carrier\nEpidemics\nList\nNotifiable diseases\nList\nPublic health surveillance\nDisease surveillance\nQuarantine\nSexually transmitted infection\nSocial distancing\nTropical disease\nVaccine trial","","",""
"","Food\nAdditive\nChemistry\nEngineering\nMicrobiology\nProcessing\nSafety\nSafety scandals\nGenetically modified food\nGood agricultural practice\nGood manufacturing practice\nHACCP\nISO 22000","","",""
"","Diffusion of innovations\nHealth belief model\nHealth communication\nHealth psychology\nPositive deviance\nPRECEDE-PROCEED model\nSocial cognitive theory\nSocial norms approach\nTheory of planned behavior\nTranstheoretical model","","",""
"","Organizations\nCaribbean\nCaribbean Public Health Agency\nChina\nCenter for Disease Control and Prevention\nEurope\nCentre for Disease Prevention and Control\nCommittee on the Environment, Public Health and Food Safety\nIndia\nMinistry of Health and Family Welfare\nU.S.\nCenters for Disease Control and Prevention\nCity and county health departments\nCouncil on Education for Public Health\nPublic Health Service\nWorld Health Organization\nWorld Toilet Organization\nEducation\nHealth education\nHigher education\nBachelor of Science in Public Health\nDoctor of Public Health\nProfessional degrees of public health\nSchools of public health\nHistory\nSara Josephine Baker\nSamuel Jay Crumbine\nCarl Rogers Darnall\nJoseph Lister\nMargaret Sanger\nJohn Snow\nTyphoid Mary\nRadium Girls\nGerm theory of disease\nSocial hygiene movement","","",""
"","Caribbean\nCaribbean Public Health Agency\nChina\nCenter for Disease Control and Prevention\nEurope\nCentre for Disease Prevention and Control\nCommittee on the Environment, Public Health and Food Safety\nIndia\nMinistry of Health and Family Welfare\nU.S.\nCenters for Disease Control and Prevention\nCity and county health departments\nCouncil on Education for Public Health\nPublic Health Service\nWorld Health Organization\nWorld Toilet Organization","","",""
"","Health education\nHigher education\nBachelor of Science in Public Health\nDoctor of Public Health\nProfessional degrees of public health\nSchools of public health","","",""
"","Sara Josephine Baker\nSamuel Jay Crumbine\nCarl Rogers Darnall\nJoseph Lister\nMargaret Sanger\nJohn Snow\nTyphoid Mary\nRadium Girls\nGerm theory of disease\nSocial hygiene movement","","",""